Model,MAE,RMSE,R2
Linear Regression,0.057991268788680155,0.07762572851630614,0.9641404837579417
Random Forest,0.091452777777778,0.13192658627686382,0.910210869174215
Gradient Boosting,0.06085143083154391,0.08849986426841372,0.961197038358431
