Model,MAE,RMSE,R2
Linear Regression,0.05799126878868546,0.07762572851630985,0.9641404837579394
Random Forest,0.09165277777777796,0.13213115643178228,0.9099455476038036
Gradient Boosting,0.06085143083154391,0.08849986426841372,0.961197038358431
