Target,Speed,Feed,Predicted_Ra,Predicted_Fd
Ra,2000.0,40.0,1.252991452991449,
Fd,2000.0,40.0,,0.9160683760683749
