Speed,Feed,Predicted_Ra,Predicted_Fd
1500.0,40.0,1.5209401709401655,0.9849786324786309
